{"('data/ablation_topic_towels.csv', 0)": 0.4378156363964081, "('data/ablation_topic_towels.csv', 1)": 0.4842175245285034, "('data/ablation_topic_towels.csv', 2)": 0.47491636872291565, "('data/ablation_topic_towels.csv', 3)": 0.43715596199035645, "('data/ablation_topic_towels.csv', 4)": 0.517929196357727, "('data/ablation_topic_towels.csv', 5)": 0.610577404499054, "('data/ablation_topic_towels.csv', 6)": 0.5960146188735962, "('data/ablation_topic_powder.csv', 0)": 0.574099600315094, "('data/ablation_topic_powder.csv', 1)": 0.5586861968040466, "('data/ablation_topic_powder.csv', 2)": 0.5578277111053467, "('data/ablation_topic_powder.csv', 3)": 0.5544825792312622, "('data/ablation_topic_powder.csv', 4)": 0.5725207328796387, "('data/ablation_topic_powder.csv', 5)": 0.6263981461524963, "('data/ablation_topic_powder.csv', 6)": 0.6211800575256348, "('data/ablation_topic_time.csv', 0)": 0.5548549890518188, "('data/ablation_topic_time.csv', 1)": 0.6002446413040161, "('data/ablation_topic_time.csv', 2)": 0.5932555794715881, "('data/ablation_topic_time.csv', 3)": 0.5947327017784119, "('data/ablation_topic_time.csv', 4)": 0.561052680015564, "('data/ablation_topic_time.csv', 5)": 0.680096447467804, "('data/ablation_topic_time.csv', 6)": 0.6701951622962952, "('data/ablation_topic_exercise.csv', 0)": 0.6437820792198181, "('data/ablation_topic_exercise.csv', 1)": 0.6403489708900452, "('data/ablation_topic_exercise.csv', 2)": 0.6536001563072205, "('data/ablation_topic_exercise.csv', 3)": 0.6354629397392273, "('data/ablation_topic_exercise.csv', 4)": 0.64407879114151, "('data/ablation_topic_exercise.csv', 5)": 0.6598644852638245, "('data/ablation_topic_exercise.csv', 6)": 0.6652080416679382, "('data/ablation_topic_froth.csv', 0)": 0.6240600943565369, "('data/ablation_topic_froth.csv', 1)": 0.6159342527389526, "('data/ablation_topic_froth.csv', 2)": 0.6193914413452148, "('data/ablation_topic_froth.csv', 3)": 0.5716626644134521, "('data/ablation_topic_froth.csv', 4)": 0.6184921860694885, "('data/ablation_topic_froth.csv', 5)": 0.6573187708854675, "('data/ablation_topic_froth.csv', 6)": 0.6725255846977234}