{"('data/designexpert_exercise.csv', 0)": 0.6546195149421692, "('data/designexpert_froth.csv', 0)": 0.5352655053138733, "('data/designexpert_powder.csv', 0)": 0.5514113903045654, "('data/designexpert_time.csv', 0)": 0.5496505498886108, "('data/designexpert_towels.csv', 0)": 0.45688849687576294}