{"('data/farfetched_exercise.csv', 0)": 0.6304829716682434, "('data/farfetched_froth.csv', 0)": 0.5429189801216125, "('data/farfetched_powder.csv', 0)": 0.5930206179618835, "('data/farfetched_time.csv', 0)": 0.5465325117111206, "('data/farfetched_towels.csv', 0)": 0.5249161720275879}