{"('data/farfetched_exercise.csv', 0)": [1.9667707260733397e-09, {"__ndarray__": true, "n_component": [0.07880036532878876, 0.06928295642137527, 0.06211197376251221, 0.051180969923734665, 0.045818429440259933, 0.04157492518424988, 0.038929618895053864, 0.037184081971645355, 0.03370822221040726, 0.03294457122683525, 0.03197643160820007, 0.028463682159781456, 0.02802887000143528]}], "('data/farfetched_froth.csv', 0)": [3.248364145382505e-10, {"__ndarray__": true, "n_component": [0.08546771854162216, 0.06774067133665085, 0.059304796159267426, 0.050424620509147644, 0.049264438450336456, 0.04726630821824074, 0.04134673252701759, 0.03676852956414223, 0.03448667377233505, 0.032910048961639404, 0.029438195750117302, 0.028014373034238815, 0.027335526421666145]}], "('data/farfetched_powder.csv', 0)": [1.195002962838171e-09, {"__ndarray__": true, "n_component": [0.07956639677286148, 0.06359031796455383, 0.05868852883577347, 0.04975651577115059, 0.0469803623855114, 0.0428151935338974, 0.04138808697462082, 0.039549246430397034, 0.035740796476602554, 0.03363789990544319, 0.030707718804478645, 0.030172286555171013, 0.02713749371469021]}], "('data/farfetched_time.csv', 0)": [3.165974444872502e-10, {"__ndarray__": true, "n_component": [0.08023244142532349, 0.06878389418125153, 0.05962718650698662, 0.05545942857861519, 0.04871126636862755, 0.04255744442343712, 0.037586089223623276, 0.036629948765039444, 0.03452722355723381, 0.030757993459701538, 0.02946186624467373, 0.02882041037082672, 0.027837246656417847]}], "('data/farfetched_towels.csv', 0)": [1.9524098773467785e-10, {"__ndarray__": true, "n_component": [0.08877643197774887, 0.07875590026378632, 0.058627065271139145, 0.05254920944571495, 0.042791299521923065, 0.04165203496813774, 0.03944128006696701, 0.037988364696502686, 0.03383898362517357, 0.03361382335424423, 0.030927835032343864, 0.027501320466399193, 0.026990605518221855]}]}