{"('data/designexpert_exercise.csv', 0)": [2.9678833435581313e-09, {"__ndarray__": true, "n_component": [0.0733928382396698, 0.06473463773727417, 0.06334619224071503, 0.05488136038184166, 0.049689702689647675, 0.045463062822818756, 0.042672738432884216, 0.04001827538013458, 0.03615197539329529, 0.0323147289454937, 0.031522028148174286, 0.030481142923235893, 0.029368320479989052]}], "('data/designexpert_froth.csv', 0)": [3.6004146295667125e-10, {"__ndarray__": true, "n_component": [0.09056639671325684, 0.07435248792171478, 0.06643196195363998, 0.05421504005789757, 0.04765594005584717, 0.04411832243204117, 0.04192438721656799, 0.03756313398480415, 0.034873686730861664, 0.03399328887462616, 0.032802484929561615, 0.029117899015545845, 0.02554170787334442]}], "('data/designexpert_powder.csv', 0)": [3.751079809664281e-10, {"__ndarray__": true, "n_component": [0.12241485714912415, 0.07117928564548492, 0.055600617080926895, 0.05214623734354973, 0.04713478311896324, 0.04130048677325249, 0.04108927398920059, 0.03590117394924164, 0.03420742601156235, 0.030397605150938034, 0.02937985025346279, 0.027271248400211334, 0.025848230347037315]}], "('data/designexpert_time.csv', 0)": [3.761838040539549e-10, {"__ndarray__": true, "n_component": [0.08053068071603775, 0.06204523891210556, 0.05892643705010414, 0.054691512137651443, 0.04583744704723358, 0.04128250852227211, 0.040128644555807114, 0.03892652690410614, 0.03456331789493561, 0.03390255942940712, 0.031233614310622215, 0.028180964291095734, 0.02719622477889061]}], "('data/designexpert_towels.csv', 0)": [4.3835384396048634e-11, {"__ndarray__": true, "n_component": [0.10442307591438293, 0.07564176619052887, 0.06496698409318924, 0.06020275875926018, 0.049103688448667526, 0.04615223780274391, 0.042954158037900925, 0.03589264303445816, 0.03402171656489372, 0.03186073154211044, 0.028640268370509148, 0.027041994035243988, 0.025696933269500732]}]}