{"('data/ablation_topic_towels.csv', 0)": [2.356382873463432e-11, {"__ndarray__": true, "n_component": [0.10157862305641174, 0.07157643884420395, 0.05765730142593384, 0.05068213865160942, 0.04767417535185814, 0.04288410395383835, 0.03824944049119949, 0.037877075374126434, 0.03186797350645065, 0.031123774126172066, 0.030830183997750282, 0.02675277553498745, 0.02574196644127369]}], "('data/ablation_topic_towels.csv', 1)": [9.223334836861825e-11, {"__ndarray__": true, "n_component": [0.08784741163253784, 0.08140823245048523, 0.06378331780433655, 0.059515319764614105, 0.0465586856007576, 0.041056036949157715, 0.03856949508190155, 0.03454860672354698, 0.03308020159602165, 0.02958177961409092, 0.02843538112938404, 0.027643287554383278, 0.023813772946596146]}], "('data/ablation_topic_towels.csv', 2)": [8.067301581968534e-11, {"__ndarray__": true, "n_component": [0.10483608394861221, 0.07139132916927338, 0.05928213521838188, 0.052285779267549515, 0.0492154061794281, 0.044363636523485184, 0.04119238257408142, 0.03895141929388046, 0.032459381967782974, 0.031285401433706284, 0.030068952590227127, 0.02872295118868351, 0.026408137753605843]}], "('data/ablation_topic_towels.csv', 3)": [2.9928617468236317e-11, {"__ndarray__": true, "n_component": [0.09103041142225266, 0.08420819044113159, 0.06493563205003738, 0.056323785334825516, 0.04933151230216026, 0.042732205241918564, 0.038101471960544586, 0.03702341020107269, 0.03387531638145447, 0.031327664852142334, 0.030368687584996223, 0.029395047575235367, 0.0265869852155447]}], "('data/ablation_topic_towels.csv', 4)": [2.368638355008888e-10, {"__ndarray__": true, "n_component": [0.0930863544344902, 0.07240042090415955, 0.05871687829494476, 0.05339090898633003, 0.04837368428707123, 0.04376653581857681, 0.04151056334376335, 0.03513598442077637, 0.033278703689575195, 0.03175734728574753, 0.030399488285183907, 0.027969300746917725, 0.026695547625422478]}], "('data/ablation_topic_towels.csv', 5)": [1.915841500567849e-09, {"__ndarray__": true, "n_component": [0.13675197958946228, 0.07965756952762604, 0.07361795008182526, 0.06071202829480171, 0.04748593643307686, 0.04168323427438736, 0.04048189893364906, 0.0379137359559536, 0.034790024161338806, 0.03216050937771797, 0.029344040900468826, 0.02755621261894703, 0.024976423010230064]}], "('data/ablation_topic_towels.csv', 6)": [1.5227583054271954e-09, {"__ndarray__": true, "n_component": [0.13793309032917023, 0.08515559136867523, 0.07196074724197388, 0.057373445481061935, 0.05282490700483322, 0.04819224774837494, 0.04528626799583435, 0.039749618619680405, 0.036223750561475754, 0.03049846552312374, 0.027272101491689682, 0.02575775235891342, 0.021766869351267815]}], "('data/ablation_topic_powder.csv', 0)": [7.080941585383034e-10, {"__ndarray__": true, "n_component": [0.10290829837322235, 0.061247874051332474, 0.05357237905263901, 0.051381852477788925, 0.04766671359539032, 0.040474895387887955, 0.03932188078761101, 0.03758377954363823, 0.035470202565193176, 0.03118588775396347, 0.03041018545627594, 0.02829453907907009, 0.026756729930639267]}], "('data/ablation_topic_powder.csv', 1)": [4.2213884594321986e-10, {"__ndarray__": true, "n_component": [0.1159379705786705, 0.07683046162128448, 0.061439335346221924, 0.0557529591023922, 0.047742296010255814, 0.04537229984998703, 0.03827532008290291, 0.03672076016664505, 0.03567760810256004, 0.03073776140809059, 0.02841956540942192, 0.025709787383675575, 0.02465444803237915]}], "('data/ablation_topic_powder.csv', 2)": [5.874390309855805e-10, {"__ndarray__": true, "n_component": [0.07070586085319519, 0.06553755700588226, 0.06140217185020447, 0.05714046582579613, 0.052635494619607925, 0.04643923416733742, 0.0425742007791996, 0.03868976607918739, 0.03587394952774048, 0.03377365320920944, 0.03023783303797245, 0.028389006853103638, 0.027498941868543625]}], "('data/ablation_topic_powder.csv', 3)": [5.132577233287514e-10, {"__ndarray__": true, "n_component": [0.08053124696016312, 0.06711572408676147, 0.059249479323625565, 0.05193004012107849, 0.04837023466825485, 0.04268185794353485, 0.040034711360931396, 0.03871912509202957, 0.03591775521636009, 0.033104076981544495, 0.031088799238204956, 0.028300918638706207, 0.02744869701564312]}], "('data/ablation_topic_powder.csv', 4)": [5.953883899456037e-10, {"__ndarray__": true, "n_component": [0.08198355883359909, 0.06737194210290909, 0.05764444172382355, 0.05394210293889046, 0.04753772169351578, 0.04268554225564003, 0.04068446904420853, 0.038651205599308014, 0.03349767252802849, 0.03200721740722656, 0.030102243646979332, 0.027431895956397057, 0.025744695216417313]}], "('data/ablation_topic_powder.csv', 5)": [3.3789463939713785e-09, {"__ndarray__": true, "n_component": [0.10081814974546432, 0.07425164431333542, 0.06307186186313629, 0.05706879869103432, 0.05135927349328995, 0.04259522259235382, 0.04091067612171173, 0.03767585754394531, 0.03637583926320076, 0.033728670328855515, 0.03191852569580078, 0.028596671298146248, 0.025621943175792694]}], "('data/ablation_topic_powder.csv', 6)": [2.56950045378413e-09, {"__ndarray__": true, "n_component": [0.09812629222869873, 0.07394421845674515, 0.06989317387342453, 0.050923921167850494, 0.04530535638332367, 0.044361378997564316, 0.041962165385484695, 0.03743476793169975, 0.03566095978021622, 0.031854111701250076, 0.02889288030564785, 0.027454625815153122, 0.026815298944711685]}], "('data/ablation_topic_time.csv', 0)": [3.7484969608237197e-10, {"__ndarray__": true, "n_component": [0.06847406178712845, 0.0653846263885498, 0.056953269988298416, 0.05456933379173279, 0.048609331250190735, 0.04578954353928566, 0.04203884303569794, 0.037301018834114075, 0.03443112224340439, 0.032409392297267914, 0.028092049062252045, 0.02789083682000637, 0.027036398649215698]}], "('data/ablation_topic_time.csv', 1)": [1.2562863329852158e-09, {"__ndarray__": true, "n_component": [0.07148411124944687, 0.06628432124853134, 0.05895404890179634, 0.04909050464630127, 0.0466129407286644, 0.043715592473745346, 0.041327085345983505, 0.037612054497003555, 0.03617164120078087, 0.03411764279007912, 0.03237827867269516, 0.028641870245337486, 0.026314713060855865]}], "('data/ablation_topic_time.csv', 2)": [1.141763134108389e-09, {"__ndarray__": true, "n_component": [0.08116953074932098, 0.07330213487148285, 0.05959855765104294, 0.05765988677740097, 0.04825451970100403, 0.04353335127234459, 0.041558459401130676, 0.0375119149684906, 0.03315199539065361, 0.03217322379350662, 0.029992341995239258, 0.027916977182030678, 0.025167617946863174]}], "('data/ablation_topic_time.csv', 3)": [1.0928761531206206e-09, {"__ndarray__": true, "n_component": [0.0818123146891594, 0.07849482446908951, 0.05959461256861687, 0.054428160190582275, 0.04938400909304619, 0.046529028564691544, 0.041550058871507645, 0.038443200290203094, 0.033980902284383774, 0.03241723030805588, 0.031212877482175827, 0.029056105762720108, 0.02719257026910782]}], "('data/ablation_topic_time.csv', 4)": [4.285865685952016e-10, {"__ndarray__": true, "n_component": [0.09627437591552734, 0.06663106381893158, 0.05771855264902115, 0.05035444721579552, 0.047205403447151184, 0.04366515949368477, 0.038531310856342316, 0.03614375367760658, 0.034683845937252045, 0.03276416286826134, 0.029431158676743507, 0.02791035734117031, 0.02494792640209198]}], "('data/ablation_topic_time.csv', 5)": [7.004291096584898e-09, {"__ndarray__": true, "n_component": [0.09738559275865555, 0.08237621933221817, 0.06649678945541382, 0.04962293058633804, 0.04615175724029541, 0.04486106336116791, 0.040710024535655975, 0.03838133066892624, 0.03510084003210068, 0.031122928485274315, 0.02926969714462757, 0.029132606461644173, 0.027830474078655243]}], "('data/ablation_topic_time.csv', 6)": [7.99059657031325e-09, {"__ndarray__": true,