{"('data/designexpert_exercise.csv', 0)": 0.7848933935165405, "('data/designexpert_froth.csv', 0)": 1.1495000123977661, "('data/designexpert_powder.csv', 0)": 1.1078815460205078, "('data/designexpert_time.csv', 0)": 1.0325210094451904, "('data/designexpert_towels.csv', 0)": 1.5156874656677246}