{"('data/farfetched_exercise.csv', 0)": 0.7899123430252075, "('data/farfetched_froth.csv', 0)": 1.0984885692596436, "('data/farfetched_powder.csv', 0)": 0.8871641755104065, "('data/farfetched_time.csv', 0)": 1.0671017169952393, "('data/farfetched_towels.csv', 0)": 1.187574028968811}