{"('data/ablation_topic_towels.csv', 0)": 1.5009464025497437, "('data/ablation_topic_towels.csv', 1)": 1.2898573875427246, "('data/ablation_topic_towels.csv', 2)": 1.373063325881958, "('data/ablation_topic_towels.csv', 3)": 1.554592490196228, "('data/ablation_topic_towels.csv', 4)": 1.172981858253479, "('data/ablation_topic_towels.csv', 5)": 1.1211838722229004, "('data/ablation_topic_towels.csv', 6)": 1.156410574913025, "('data/ablation_topic_powder.csv', 0)": 0.9801062941551208, "('data/ablation_topic_powder.csv', 1)": 1.1376978158950806, "('data/ablation_topic_powder.csv', 2)": 1.0424716472625732, "('data/ablation_topic_powder.csv', 3)": 1.051387906074524, "('data/ablation_topic_powder.csv', 4)": 0.9744036793708801, "('data/ablation_topic_powder.csv', 5)": 0.9099950194358826, "('data/ablation_topic_powder.csv', 6)": 0.9038244485855103, "('data/ablation_topic_time.csv', 0)": 0.9985940456390381, "('data/ablation_topic_time.csv', 1)": 0.8392824530601501, "('data/ablation_topic_time.csv', 2)": 0.9062888622283936, "('data/ablation_topic_time.csv', 3)": 0.9492056965827942, "('data/ablation_topic_time.csv', 4)": 1.017507553100586, "('data/ablation_topic_time.csv', 5)": 0.7394634485244751, "('data/ablation_topic_time.csv', 6)": 0.7413023114204407, "('data/ablation_topic_exercise.csv', 0)": 0.8252739906311035, "('data/ablation_topic_exercise.csv', 1)": 0.8231589198112488, "('data/ablation_topic_exercise.csv', 2)": 0.7855079770088196, "('data/ablation_topic_exercise.csv', 3)": 0.8702702522277832, "('data/ablation_topic_exercise.csv', 4)": 0.8245083093643188, "('data/ablation_topic_exercise.csv', 5)": 0.8185724020004272, "('data/ablation_topic_exercise.csv', 6)": 0.7413130402565002, "('data/ablation_topic_froth.csv', 0)": 3.1201303005218506, "('data/ablation_topic_froth.csv', 1)": 3.1650400161743164, "('data/ablation_topic_froth.csv', 2)": 3.090073585510254, "('data/ablation_topic_froth.csv', 3)": 1.1648763418197632, "('data/ablation_topic_froth.csv', 4)": 3.101593494415283, "('data/ablation_topic_froth.csv', 5)": 3.0213255882263184, "('data/ablation_topic_froth.csv', 6)": 3.0240702629089355}