{"('data/designexpert_exercise.csv', 0)": 1.1149160861968994, "('data/designexpert_froth.csv', 0)": 0.9198283553123474, "('data/designexpert_powder.csv', 0)": 0.9423251748085022, "('data/designexpert_time.csv', 0)": 0.9535702466964722, "('data/designexpert_towels.csv', 0)": 0.7826045751571655}