{"('data/farfetched_exercise.csv', 0)": 1.0859203338623047, "('data/farfetched_froth.csv', 0)": 0.9385168552398682, "('data/farfetched_powder.csv', 0)": 1.029718041419983, "('data/farfetched_time.csv', 0)": 0.9439160227775574, "('data/farfetched_towels.csv', 0)": 0.9059674739837646}