{"('data/ablation_topic_towels.csv', 0)": 0.7621312737464905, "('data/ablation_topic_towels.csv', 1)": 0.8519343733787537, "('data/ablation_topic_towels.csv', 2)": 0.8240606784820557, "('data/ablation_topic_towels.csv', 3)": 0.7544373869895935, "('data/ablation_topic_towels.csv', 4)": 0.9023375511169434, "('data/ablation_topic_towels.csv', 5)": 1.0249452590942383, "('data/ablation_topic_towels.csv', 6)": 0.9976809620857239, "('data/ablation_topic_powder.csv', 0)": 0.9946683645248413, "('data/ablation_topic_powder.csv', 1)": 0.9470081329345703, "('data/ablation_topic_powder.csv', 2)": 0.9607675075531006, "('data/ablation_topic_powder.csv', 3)": 0.9561560153961182, "('data/ablation_topic_powder.csv', 4)": 0.9891875386238098, "('data/ablation_topic_powder.csv', 5)": 1.070702314376831, "('data/ablation_topic_powder.csv', 6)": 1.067115306854248, "('data/ablation_topic_time.csv', 0)": 0.9643387794494629, "('data/ablation_topic_time.csv', 1)": 1.046125888824463, "('data/ablation_topic_time.csv', 2)": 1.0227197408676147, "('data/ablation_topic_time.csv', 3)": 1.0191718339920044, "('data/ablation_topic_time.csv', 4)": 0.9709551930427551, "('data/ablation_topic_time.csv', 5)": 1.1621770858764648, "('data/ablation_topic_time.csv', 6)": 1.15091872215271, "('data/ablation_topic_exercise.csv', 0)": 1.1042317152023315, "('data/ablation_topic_exercise.csv', 1)": 1.101672649383545, "('data/ablation_topic_exercise.csv', 2)": 1.1204029321670532, "('data/ablation_topic_exercise.csv', 3)": 1.087937831878662, "('data/ablation_topic_exercise.csv', 4)": 1.105778694152832, "('data/ablation_topic_exercise.csv', 5)": 1.119857668876648, "('data/ablation_topic_exercise.csv', 6)": 1.1469532251358032, "('data/ablation_topic_froth.csv', 0)": 1.0167474746704102, "('data/ablation_topic_froth.csv', 1)": 1.0044437646865845, "('data/ablation_topic_froth.csv', 2)": 1.016776204109192, "('data/ablation_topic_froth.csv', 3)": 0.9919670820236206, "('data/ablation_topic_froth.csv', 4)": 1.0140210390090942, "('data/ablation_topic_froth.csv', 5)": 1.0741045475006104, "('data/ablation_topic_froth.csv', 6)": 1.0919419527053833}