{"('data/critique_towels.csv', 0)": 0.532268226146698, "('data/critique_powder.csv', 0)": 0.6252191662788391, "('data/critique_time.csv', 0)": 0.5707831382751465, "('data/critique_exercise.csv', 0)": 0.6465756893157959, "('data/critique_froth.csv', 0)": 0.5500683188438416}