{"('data/critique_towels.csv', 0)": [2.7271757556532187e-10, {"__ndarray__": true, "n_component": [0.11794719099998474, 0.0903392806649208, 0.05810040608048439, 0.04786653816699982, 0.04179093986749649, 0.03770999237895012, 0.03552897647023201, 0.03361139073967934, 0.0316605418920517, 0.029875876381993294, 0.029316114261746407, 0.02657674439251423, 0.0262970682233572]}], "('data/critique_powder.csv', 0)": [1.874842091342434e-09, {"__ndarray__": true, "n_component": [0.08434371650218964, 0.07475502043962479, 0.06832000613212585, 0.05329318717122078, 0.04646744206547737, 0.040690477937459946, 0.03861970454454422, 0.036795757710933685, 0.03278036043047905, 0.03142521157860756, 0.029345884919166565, 0.02794758602976799, 0.025808114558458328]}], "('data/critique_time.csv', 0)": [5.78879102065673e-10, {"__ndarray__": true, "n_component": [0.08015132695436478, 0.062458112835884094, 0.05904702469706535, 0.053303275257349014, 0.048236653208732605, 0.043607037514448166, 0.03889032080769539, 0.036144912242889404, 0.03448660299181938, 0.03430260717868805, 0.02886013127863407, 0.02725687250494957, 0.025664331391453743]}], "('data/critique_exercise.csv', 0)": [2.557462470451445e-09, {"__ndarray__": true, "n_component": [0.09106830507516861, 0.0663270652294159, 0.05820542573928833, 0.04779570549726486, 0.046347130089998245, 0.04295528307557106, 0.041077401489019394, 0.03784788399934769, 0.03303665295243263, 0.02973657101392746, 0.027470167726278305, 0.02659348025918007, 0.025123892351984978]}], "('data/critique_froth.csv', 0)": [3.248924343543535e-10, {"__ndarray__": true, "n_component": [0.12503425776958466, 0.08460629731416702, 0.06221434101462364, 0.05592723190784454, 0.044067565351724625, 0.03962140157818794, 0.035101454704999924, 0.0331549197435379, 0.030645349994301796, 0.029927708208560944, 0.028480902314186096, 0.027538858354091644, 0.02594788931310177]}]}