{"('data/critique_towels.csv', 0)": 1.1465439796447754, "('data/critique_powder.csv', 0)": 0.8217613101005554, "('data/critique_time.csv', 0)": 0.9117188453674316, "('data/critique_exercise.csv', 0)": 0.7083770036697388, "('data/critique_froth.csv', 0)": 1.1066005229949951}