{"('data/critique_towels.csv', 0)": 0.9188627004623413, "('data/critique_powder.csv', 0)": 1.0737189054489136, "('data/critique_time.csv', 0)": 1.0011699199676514, "('data/critique_exercise.csv', 0)": 1.1242088079452515, "('data/critique_froth.csv', 0)": 0.94371497631073}