{"('data/ablation_topic_towels.csv', 0)": 0.4378156363964081, "('data/ablation_topic_towels.csv', 1)": 0.4842175245285034, "('data/ablation_topic_towels.csv', 2)": 0.47491636872291565, "('data/ablation_topic_towels.csv', 3)": 0.43715596199035645, "('data/ablation_topic_towels.csv', 4)": 0.517929196357727, "('data/ablation_topic_towels.csv', 5)": 0.4470457434654236, "('data/ablation_topic_towels.csv', 6)": 0.531024694442749, "('data/ablation_topic_towels.csv', 7)": 0.4530878961086273, "('data/ablation_topic_towels.csv', 8)": 0.5300997495651245, "('data/ablation_topic_towels.csv', 9)": 0.6095109581947327, "('data/ablation_topic_towels.csv', 10)": 0.6042267084121704, "('data/ablation_topic_powder.csv', 0)": 0.574099600315094, "('data/ablation_topic_powder.csv', 1)": 0.5586861968040466, "('data/ablation_topic_powder.csv', 2)": 0.5578277111053467, "('data/ablation_topic_powder.csv', 3)": 0.5544825792312622, "('data/ablation_topic_powder.csv', 4)": 0.5725207328796387, "('data/ablation_topic_powder.csv', 5)": 0.5759322643280029, "('data/ablation_topic_powder.csv', 6)": 0.6218755841255188, "('data/ablation_topic_powder.csv', 7)": 0.5496001839637756, "('data/ablation_topic_powder.csv', 8)": 0.5919927358627319, "('data/ablation_topic_powder.csv', 9)": 0.6263981461524963, "('data/ablation_topic_powder.csv', 10)": 0.6211800575256348, "('data/ablation_topic_time.csv', 0)": 0.5548549890518188, "('data/ablation_topic_time.csv', 1)": 0.6002446413040161, "('data/ablation_topic_time.csv', 2)": 0.5932555794715881, "('data/ablation_topic_time.csv', 3)": 0.5947327017784119, "('data/ablation_topic_time.csv', 4)": 0.561052680015564, "('data/ablation_topic_time.csv', 5)": 0.5800129771232605, "('data/ablation_topic_time.csv', 6)": 0.5707092881202698, "('data/ablation_topic_time.csv', 7)": 0.5498330593109131, "('data/ablation_topic_time.csv', 8)": 0.5460034012794495, "('data/ablation_topic_time.csv', 9)": 0.680096447467804, "('data/ablation_topic_time.csv', 10)": 0.6701951622962952, "('data/ablation_topic_exercise.csv', 0)": 0.6390926837921143, "('data/ablation_topic_exercise.csv', 1)": 0.6367812752723694, "('data/ablation_topic_exercise.csv', 2)": 0.6503099203109741, "('data/ablation_topic_exercise.csv', 3)": 0.6302059292793274, "('data/ablation_topic_exercise.csv', 4)": 0.6383568048477173, "('data/ablation_topic_exercise.csv', 5)": 0.626908540725708, "('data/ablation_topic_exercise.csv', 6)": 0.6458470821380615, "('data/ablation_topic_exercise.csv', 7)": 0.6544308662414551, "('data/ablation_topic_exercise.csv', 8)": 0.6304829716682434, "('data/ablation_topic_exercise.csv', 9)": 0.6570320725440979, "('data/ablation_topic_exercise.csv', 10)": 0.6630896925926208, "('data/ablation_topic_froth.csv', 0)": 0.5301463603973389, "('data/ablation_topic_froth.csv', 1)": 0.5197422504425049, "('data/ablation_topic_froth.csv', 2)": 0.5254414081573486, "('data/ablation_topic_froth.csv', 3)": 0.5358294248580933, "('data/ablation_topic_froth.csv', 4)": 0.5210322141647339, "('data/ablation_topic_froth.csv', 5)": 0.5307153463363647, "('data/ablation_topic_froth.csv', 6)": 0.5479637384414673, "('data/ablation_topic_froth.csv', 7)": 0.5352655053138733, "('data/ablation_topic_froth.csv', 8)": 0.5429189801216125, "('data/ablation_topic_froth.csv', 9)": 0.5846760272979736, "('data/ablation_topic_froth.csv', 10)": 0.6050252318382263}