{"('data/ablation_tempTopP_froth.csv', 0)": 0.499378502368927, "('data/ablation_tempTopP_froth.csv', 1)": 0.49627918004989624, "('data/ablation_tempTopP_froth.csv', 2)": 0.4939456880092621, "('data/ablation_tempTopP_froth.csv', 3)": 0.47950318455696106, "('data/ablation_tempTopP_froth.csv', 4)": 0.47479113936424255, "('data/ablation_tempTopP_froth.csv', 5)": 0.5301463603973389, "('data/ablation_tempTopP_froth.csv', 6)": 0.530958890914917, "('data/ablation_tempTopP_froth.csv', 7)": 0.4761953353881836, "('data/ablation_tempTopP_froth.csv', 8)": 0.5846760272979736, "('data/ablation_tempTopP_froth.csv', 9)": 0.6050252318382263, "('data/ablation_tempTopP_towels.csv', 0)": 0.3691116273403168, "('data/ablation_tempTopP_towels.csv', 1)": 0.3557320535182953, "('data/ablation_tempTopP_towels.csv', 2)": 0.3102192282676697, "('data/ablation_tempTopP_towels.csv', 3)": 0.38015416264533997, "('data/ablation_tempTopP_towels.csv', 4)": 0.3979102075099945, "('data/ablation_tempTopP_towels.csv', 5)": 0.4378156363964081, "('data/ablation_tempTopP_towels.csv', 6)": 0.3923373818397522, "('data/ablation_tempTopP_towels.csv', 7)": 0.4013986885547638, "('data/ablation_tempTopP_towels.csv', 8)": 0.610577404499054, "('data/ablation_tempTopP_towels.csv', 9)": 0.5960146188735962, "('data/ablation_tempTopP_time.csv', 0)": 0.5893524289131165, "('data/ablation_tempTopP_time.csv', 1)": 0.5846453309059143, "('data/ablation_tempTopP_time.csv', 2)": 0.5575932860374451, "('data/ablation_tempTopP_time.csv', 3)": 0.552156925201416, "('data/ablation_tempTopP_time.csv', 4)": 0.5222108960151672, "('data/ablation_tempTopP_time.csv', 5)": 0.5548549890518188, "('data/ablation_tempTopP_time.csv', 6)": 0.4708762764930725, "('data/ablation_tempTopP_time.csv', 7)": 0.5305829048156738, "('data/ablation_tempTopP_time.csv', 8)": 0.680096447467804, "('data/ablation_tempTopP_time.csv', 9)": 0.6701951622962952, "('data/ablation_tempTopP_powder.csv', 0)": 0.4597238600254059, "('data/ablation_tempTopP_powder.csv', 1)": 0.5110018849372864, "('data/ablation_tempTopP_powder.csv', 2)": 0.45266297459602356, "('data/ablation_tempTopP_powder.csv', 3)": 0.5219702124595642, "('data/ablation_tempTopP_powder.csv', 4)": 0.5103772282600403, "('data/ablation_tempTopP_powder.csv', 5)": 0.574099600315094, "('data/ablation_tempTopP_powder.csv', 6)": 0.5183373093605042, "('data/ablation_tempTopP_powder.csv', 7)": 0.4127296805381775, "('data/ablation_tempTopP_powder.csv', 8)": 0.6263981461524963, "('data/ablation_tempTopP_powder.csv', 9)": 0.6211800575256348, "('data/ablation_tempTopP_exercise.csv', 0)": 0.6289215087890625, "('data/ablation_tempTopP_exercise.csv', 1)": 0.6390568614006042, "('data/ablation_tempTopP_exercise.csv', 2)": 0.6424185633659363, "('data/ablation_tempTopP_exercise.csv', 3)": 0.6614487767219543, "('data/ablation_tempTopP_exercise.csv', 4)": 0.643992006778717, "('data/ablation_tempTopP_exercise.csv', 5)": 0.6437820792198181, "('data/ablation_tempTopP_exercise.csv', 6)": 0.6437347531318665, "('data/ablation_tempTopP_exercise.csv', 7)": 0.6479386687278748, "('data/ablation_tempTopP_exercise.csv', 8)": 0.6598644852638245, "('data/ablation_tempTopP_exercise.csv', 9)": 0.6652080416679382}