{"('data/ablation_tempTopP_froth.csv', 0)": [8.954227332879089e-11, {"__ndarray__": true, "n_component": [0.0979653000831604, 0.07950929552316666, 0.0749160498380661, 0.06338194012641907, 0.05312671139836311, 0.049263957887887955, 0.04570586979389191, 0.036690618842840195, 0.0348556712269783, 0.031582992523908615, 0.028855174779891968, 0.028320087119936943, 0.02486092410981655]}], "('data/ablation_tempTopP_froth.csv', 1)": [1.0068755137555885e-10, {"__ndarray__": true, "n_component": [0.0910804495215416, 0.08287256956100464, 0.07530566304922104, 0.05608733743429184, 0.05338162183761597, 0.04485946521162987, 0.04167681187391281, 0.03786720335483551, 0.03601432964205742, 0.03421711549162865, 0.031444985419511795, 0.028914721682667732, 0.026036247611045837]}], "('data/ablation_tempTopP_froth.csv', 2)": [9.051866395455344e-11, {"__ndarray__": true, "n_component": [0.09020884335041046, 0.08147908747196198, 0.06943150609731674, 0.05987289920449257, 0.053283508867025375, 0.046447839587926865, 0.04378277808427811, 0.03833472728729248, 0.03774356469511986, 0.03341357782483101, 0.02879105880856514, 0.028386138379573822, 0.026359787210822105]}], "('data/ablation_tempTopP_froth.csv', 3)": [5.917608528909856e-11, {"__ndarray__": true, "n_component": [0.09191670268774033, 0.08608482033014297, 0.07334104180335999, 0.05669175833463669, 0.048459846526384354, 0.043201323598623276, 0.03942259028553963, 0.03696538135409355, 0.03369796648621559, 0.031084023416042328, 0.030154556035995483, 0.026792267337441444, 0.025274230167269707]}], "('data/ablation_tempTopP_froth.csv', 4)": [5.100727288006501e-11, {"__ndarray__": true, "n_component": [0.08477087318897247, 0.07341118901968002, 0.05851855129003525, 0.05184100940823555, 0.04991988092660904, 0.04276309162378311, 0.039773207157850266, 0.03731772303581238, 0.035808902233839035, 0.03065771423280239, 0.028980249539017677, 0.027667462825775146, 0.024367710575461388]}], "('data/ablation_tempTopP_froth.csv', 5)": [1.871130576876714e-10, {"__ndarray__": true, "n_component": [0.08552437275648117, 0.07115480303764343, 0.06189945340156555, 0.0575641468167305, 0.04903153330087662, 0.044942792505025864, 0.04213273897767067, 0.03585662692785263, 0.0332537479698658, 0.032208263874053955, 0.029091110453009605, 0.02781284786760807, 0.02592673897743225]}], "('data/ablation_tempTopP_froth.csv', 6)": [2.1562981071196073e-10, {"__ndarray__": true, "n_component": [0.11787718534469604, 0.09477026015520096, 0.07863667607307434, 0.06364773958921432, 0.05623519420623779, 0.04775668680667877, 0.04386136308312416, 0.03764237463474274, 0.03401411324739456, 0.02916700392961502, 0.02693638764321804, 0.024879958480596542, 0.02361755445599556]}], "('data/ablation_tempTopP_froth.csv', 7)": [4.911404064126736e-11, {"__ndarray__": true, "n_component": [0.09904202073812485, 0.07607685029506683, 0.0670359805226326, 0.05680588260293007, 0.0500989593565464, 0.042890213429927826, 0.0409814789891243, 0.03931817039847374, 0.033431459218263626, 0.030378730967640877, 0.029792755842208862, 0.028255343437194824, 0.024864699691534042]}], "('data/ablation_tempTopP_froth.csv', 8)": [1.071572210434247e-09, {"__ndarray__": true, "n_component": [0.11193889379501343, 0.07424099743366241, 0.06908929347991943, 0.054273881018161774, 0.051402658224105835, 0.0423772856593132, 0.03726673498749733, 0.034914612770080566, 0.03249642252922058, 0.031065408140420914, 0.02889982797205448, 0.027663275599479675, 0.02475527487695217]}], "('data/ablation_tempTopP_froth.csv', 9)": [1.6152094357107811e-09, {"__ndarray__": true, "n_component": [0.1603633314371109, 0.070171058177948, 0.058236442506313324, 0.0495324581861496, 0.046626925468444824, 0.043183229863643646, 0.03813628852367401, 0.03516277298331261, 0.0338335856795311, 0.03061416558921337, 0.02649647742509842, 0.02612571232020855, 0.025978680700063705]}], "('data/ablation_tempTopP_towels.csv', 0)": [1.5319466546609417e-12, {"__ndarray__": true, "n_component": [0.09689135104417801, 0.0875168889760971, 0.07325629889965057, 0.06328590959310532, 0.060469597578048706, 0.04847753420472145, 0.04058725759387016, 0.03460236266255379, 0.033243101090192795, 0.03033773973584175, 0.0271126851439476, 0.02527756802737713, 0.024097513407468796]}], "('data/ablation_tempTopP_towels.csv', 1)": [1.7237519303259263e-12, {"__ndarray__": true, "n_component": [0.09333907812833786, 0.06858489662408829, 0.06345782428979874, 0.05313920974731445, 0.048262421041727066, 0.04764942079782486, 0.03701633960008621, 0.03496795892715454, 0.03406186029314995, 0.030368849635124207, 0.028991777449846268, 0.02848515659570694, 0.026453647762537003]}], "('data/ablation_tempTopP_towels.csv', 2)": [2.4974922438699866e-13, {"__ndarray__": true, "n_component": [0.10891921073198318, 0.0768955796957016, 0.06987649947404861, 0.06522824615240097, 0.05782139301300049, 0.04489400237798691, 0.04055318236351013, 0.03698157146573067, 0.036231234669685364, 0.03187911957502365, 0.02973262220621109, 0.026302520185709, 0.025298135355114937]}], "('data/ablation_tempTopP_towels.csv', 3)": [3.1475687784276424e-12, {"__ndarray__": true, "n_component": [0.13235898315906525, 0.09357680380344391, 0.07441471517086029, 0.06308804452419281, 0.053971316665410995, 0.04708798602223396, 0.03850473836064339, 0.03487458452582359, 0.033756546676158905, 0.029185909777879715, 0.027527401223778725, 0.024824200198054314, 0.023528946563601494]}], "('data/ablation_tempTopP_towels.csv', 4)": [5.12328591595138e-12, {"__ndarray__": true, "n_component": [0.11714645475149155, 0.09491224586963654, 0.07170171290636063, 0.057736605405807495, 0.050422511994838715, 0.04341507330536842, 0.0410577654838562, 0.0349588505923748, 0.03262287750840187, 0.031903594732284546, 0.028413932770490646, 0.025158917531371117, 0.02491220273077488]}], "('data/ablation_tempTopP_towels.csv', 5)": [2.356382873463432e-11, {"__ndarray__": true, "n_component": [0.10157862305641174, 0.07157643884420395, 0.05765730142593384, 0.05068213865160942, 0.04767417535185814, 0.04288410395383835, 0.03824944049119949, 0.037877075374126434, 0.03186797350645065, 0.031123774126172066, 0.030830183997750282, 0.02675277553498745, 0.02574196644127369]}], "('data/ablation_tempTopP_towels.csv', 6)": [2.6132520834153046e-12, {"__ndarray__": true, "n_component": [0.15894785523414612, 0.09624649584293365, 0.07664483785629272, 0.05266745761036873, 0.043408628553152084, 0.04081222414970398, 0.03489033505320549, 0.03368484601378441, 0.03285115212202072, 0.02851959317922592, 0.0260335523635149, 0.025646066293120384, 0.02286374382674694]}], "('data/ablation_tempTopP_towels.csv', 7)": [5.8170895305253136e-12, {"__ndarray__": true, "n_component": [0.08985171467065811, 0.07530342787504196, 0.0646134540438652, 0.054254770278930664, 0.04723870009183884, 0.04560448229312897, 0.043553970754146576, 0.03707481548190117, 0.035533614456653595, 0.032195691019296646, 0.03184681385755539, 0.029251620173454285, 0.027394725009799004]}], "('data/ablation_tempTopP_towels.csv', 8)": [1.915841500567849e-09, {"__ndarray__": true, "n_component": [0.13675197958946228, 0.07965756952762604, 0.07361795008182526, 0.06071202829480171, 0.04748593643307686, 0.04168323427438736, 0.04048189893364906, 0.0379137359559536, 0.034790024161338806, 0.03216050937771797, 0.029344040900468826, 0.02755621261894703, 0.024976423010230064]}], "('data/ablation_tempTopP_towels.csv', 9)": [1.5227583054271954e-09, {"__ndarray__": true, "n_component": [0.13793309032917023, 0.08515559136867523, 0.07196074724197388, 0.057373445481061935, 0.05282490700483322, 0.04819224774837494, 0.04528626799583435, 0.039749618619680405, 0.036223750561475754, 0.03049846552312374, 0.027272101491689682, 0.02575775235891342, 0.021766869351267815]}], "('data/ablation_tempTopP_time.csv', 0)": [5.790004574783352e-10, {"__ndarray__": true,