{"('data/ablation_topic_towels.csv', 0)": [2.356382873463432e-11, {"__ndarray__": true, "n_component": [0.10157862305641174, 0.07157643884420395, 0.05765730142593384, 0.05068213865160942, 0.04767417535185814, 0.04288410395383835, 0.03824944049119949, 0.037877075374126434, 0.03186797350645065, 0.031123774126172066, 0.030830183997750282, 0.02675277553498745, 0.02574196644127369]}], "('data/ablation_topic_towels.csv', 1)": [9.223334836861825e-11, {"__ndarray__": true, "n_component": [0.08784741163253784, 0.08140823245048523, 0.06378331780433655, 0.059515319764614105, 0.0465586856007576, 0.041056036949157715, 0.03856949508190155, 0.03454860672354698, 0.03308020159602165, 0.02958177961409092, 0.02843538112938404, 0.027643287554383278, 0.023813772946596146]}], "('data/ablation_topic_towels.csv', 2)": [8.067301581968534e-11, {"__ndarray__": true, "n_component": [0.10483608394861221, 0.07139132916927338, 0.05928213521838188, 0.052285779267549515, 0.0492154061794281, 0.044363636523485184, 0.04119238257408142, 0.03895141929388046, 0.032459381967782974, 0.031285401433706284, 0.030068952590227127, 0.02872295118868351, 0.026408137753605843]}], "('data/ablation_topic_towels.csv', 3)": [2.9928617468236317e-11, {"__ndarray__": true, "n_component": [0.09103041142225266, 0.08420819044113159, 0.06493563205003738, 0.056323785334825516, 0.04933151230216026, 0.042732205241918564, 0.038101471960544586, 0.03702341020107269, 0.03387531638145447, 0.031327664852142334, 0.030368687584996223, 0.029395047575235367, 0.0265869852155447]}], "('data/ablation_topic_towels.csv', 4)": [2.368638355008888e-10, {"__ndarray__": true, "n_component": [0.0930863544344902, 0.07240042090415955, 0.05871687829494476, 0.05339090898633003, 0.04837368428707123, 0.04376653581857681, 0.04151056334376335, 0.03513598442077637, 0.033278703689575195, 0.03175734728574753, 0.030399488285183907, 0.027969300746917725, 0.026695547625422478]}], "('data/ablation_topic_towels.csv', 5)": [2.890221431278039e-10, {"__ndarray__": true, "n_component": [0.11523635685443878, 0.0912780836224556, 0.05883624032139778, 0.04682633653283119, 0.04088866338133812, 0.03783212602138519, 0.036361102014780045, 0.032796140760183334, 0.031214680522680283, 0.029160013422369957, 0.0287491288036108, 0.026920096948742867, 0.025826752185821533]}], "('data/ablation_topic_towels.csv', 6)": [4.3771101140374175e-11, {"__ndarray__": true, "n_component": [0.10449777543544769, 0.07544444501399994, 0.06499830633401871, 0.0602324977517128, 0.04887603968381882, 0.046265214681625366, 0.04295390471816063, 0.035918377339839935, 0.034107089042663574, 0.031794965267181396, 0.028643740341067314, 0.027062518522143364, 0.025727443397045135]}], "('data/ablation_topic_towels.csv', 7)": [1.9188276550602487e-10, {"__ndarray__": true, "n_component": [0.0882347971200943, 0.07831749320030212, 0.058902617543935776, 0.0523519329726696, 0.04242721572518349, 0.04151293635368347, 0.03937654197216034, 0.03754989430308342, 0.03459900617599487, 0.03341759368777275, 0.030588636174798012, 0.02751315012574196, 0.026993967592716217]}], "('data/ablation_topic_towels.csv', 8)": [1.915841500567849e-09, {"__ndarray__": true, "n_component": [0.13675197958946228, 0.07965756952762604, 0.07361795008182526, 0.06071202829480171, 0.04748593643307686, 0.04168323427438736, 0.04048189893364906, 0.0379137359559536, 0.034790024161338806, 0.03216050937771797, 0.029344040900468826, 0.02755621261894703, 0.024976423010230064]}], "('data/ablation_topic_towels.csv', 9)": [1.5227583054271954e-09, {"__ndarray__": true, "n_component": [0.13793309032917023, 0.08515559136867523, 0.07196074724197388, 0.057373445481061935, 0.05282490700483322, 0.04819224774837494, 0.04528626799583435, 0.039749618619680405, 0.036223750561475754, 0.03049846552312374, 0.027272101491689682, 0.02575775235891342, 0.021766869351267815]}], "('data/ablation_topic_powder.csv', 0)": [7.080941585383034e-10, {"__ndarray__": true, "n_component": [0.10290829837322235, 0.061247874051332474, 0.05357237905263901, 0.051381852477788925, 0.04766671359539032, 0.040474895387887955, 0.03932188078761101, 0.03758377954363823, 0.035470202565193176, 0.03118588775396347, 0.03041018545627594, 0.02829453907907009, 0.026756729930639267]}], "('data/ablation_topic_powder.csv', 1)": [4.2213884594321986e-10, {"__ndarray__": true, "n_component": [0.1159379705786705, 0.07683046162128448, 0.061439335346221924, 0.0557529591023922, 0.047742296010255814, 0.04537229984998703, 0.03827532008290291, 0.03672076016664505, 0.03567760810256004, 0.03073776140809059, 0.02841956540942192, 0.025709787383675575, 0.02465444803237915]}], "('data/ablation_topic_powder.csv', 2)": [5.874390309855805e-10, {"__ndarray__": true, "n_component": [0.07070586085319519, 0.06553755700588226, 0.06140217185020447, 0.05714046582579613, 0.052635494619607925, 0.04643923416733742, 0.0425742007791996, 0.03868976607918739, 0.03587394952774048, 0.03377365320920944, 0.03023783303797245, 0.028389006853103638, 0.027498941868543625]}], "('data/ablation_topic_powder.csv', 3)": [5.132577233287514e-10, {"__ndarray__": true, "n_component": [0.08053124696016312, 0.06711572408676147, 0.059249479323625565, 0.05193004012107849, 0.04837023466825485, 0.04268185794353485, 0.040034711360931396, 0.03871912509202957, 0.03591775521636009, 0.033104076981544495, 0.031088799238204956, 0.028300918638706207, 0.02744869701564312]}], "('data/ablation_topic_powder.csv', 4)": [5.953883899456037e-10, {"__ndarray__": true, "n_component": [0.08198355883359909, 0.06737194210290909, 0.05764444172382355, 0.05394210293889046, 0.04753772169351578, 0.04268554225564003, 0.04068446904420853, 0.038651205599308014, 0.03349767252802849, 0.03200721740722656, 0.030102243646979332, 0.027431895956397057, 0.025744695216417313]}], "('data/ablation_topic_powder.csv', 5)": [1.873777863056264e-09, {"__ndarray__": true, "n_component": [0.0829613208770752, 0.07410003989934921, 0.06887264549732208, 0.054280541837215424, 0.045652564615011215, 0.040027011185884476, 0.038012027740478516, 0.03656186908483505, 0.032230570912361145, 0.03085320070385933, 0.029444294050335884, 0.027559451758861542, 0.025338370352983475]}], "('data/ablation_topic_powder.csv', 6)": [3.7449750200548174e-10, {"__ndarray__": true, "n_component": [0.12100222706794739, 0.06984483450651169, 0.05475581809878349, 0.05117824301123619, 0.04691138491034508, 0.040695805102586746, 0.04037688300013542, 0.036200884729623795, 0.03484923020005226, 0.029732104390859604, 0.029431836679577827, 0.027591701596975327, 0.025846682488918304]}], "('data/ablation_topic_powder.csv', 7)": [1.1892213798793843e-09, {"__ndarray__": true, "n_component": [0.07966277748346329, 0.06399329751729965, 0.05861910805106163, 0.0502416156232357, 0.04684622585773468, 0.042758118361234665, 0.04119298607110977, 0.03911175578832626, 0.03577082231640816, 0.03372400999069214, 0.030669458210468292, 0.030158519744873047, 0.02707664668560028]}], "('data/ablation_topic_powder.csv', 8)": [3.3789463939713785e-09, {"__ndarray__": true, "n_component": [0.10081814974546432, 0.07425164431333542, 0.06307186186313629, 0.05706879869103432, 0.05135927349328995, 0.04259522259235382, 0.04091067612171173, 0.03767585754394531, 0.03637583926320076, 0.033728670328855515, 0.03191852569580078, 0.028596671298146248, 0.025621943175792694]}], "('data/ablation_topic_powder.csv', 9)": [2.56950045378413e-09, {"__ndarray__": true, "n_component": [0.09812629222869873, 0.07394421845674515, 0.06989317387342453, 0.050923921167850494, 0.04530535638332367, 0.044361378997564316, 0.041962165385484695, 0.03743476793169975, 0.03566095978021622, 0.031854111701250076, 0.02889288030564785, 0.027454625815153122, 0.026815298944711685]}], "('data/ablation_topic_time.csv', 0)": [3.7484969608237197e-10, {"__ndarray__": true,