{"('data/ablation_topic_towels.csv', 0)": 2.170928955078125, "('data/ablation_topic_towels.csv', 1)": 1.95625638961792, "('data/ablation_topic_towels.csv', 2)": 2.0402822494506836, "('data/ablation_topic_towels.csv', 3)": 2.224102735519409, "('data/ablation_topic_towels.csv', 4)": 1.838158130645752, "('data/ablation_topic_towels.csv', 5)": 2.143627405166626, "('data/ablation_topic_towels.csv', 6)": 1.8077045679092407, "('data/ablation_topic_towels.csv', 7)": 2.186922311782837, "('data/ablation_topic_towels.csv', 8)": 1.8349417448043823, "('data/ablation_topic_towels.csv', 9)": 1.7722811698913574, "('data/ablation_topic_towels.csv', 10)": 1.7856587171554565, "('data/ablation_topic_powder.csv', 0)": 1.6437472105026245, "('data/ablation_topic_powder.csv', 1)": 1.8038021326065063, "('data/ablation_topic_powder.csv', 2)": 1.7086013555526733, "('data/ablation_topic_powder.csv', 3)": 1.7176764011383057, "('data/ablation_topic_powder.csv', 4)": 1.6407192945480347, "('data/ablation_topic_powder.csv', 5)": 1.665299415588379, "('data/ablation_topic_powder.csv', 6)": 1.4899117946624756, "('data/ablation_topic_powder.csv', 7)": 1.778531551361084, "('data/ablation_topic_powder.csv', 8)": 1.5515813827514648, "('data/ablation_topic_powder.csv', 9)": 1.5653702020645142, "('data/ablation_topic_powder.csv', 10)": 1.558129072189331, "('data/ablation_topic_time.csv', 0)": 1.66656494140625, "('data/ablation_topic_time.csv', 1)": 1.5025277137756348, "('data/ablation_topic_time.csv', 2)": 1.5715817213058472, "('data/ablation_topic_time.csv', 3)": 1.6127468347549438, "('data/ablation_topic_time.csv', 4)": 1.6829838752746582, "('data/ablation_topic_time.csv', 5)": 1.6540381908416748, "('data/ablation_topic_time.csv', 6)": 1.5753859281539917, "('data/ablation_topic_time.csv', 7)": 1.699520230293274, "('data/ablation_topic_time.csv', 8)": 1.7360159158706665, "('data/ablation_topic_time.csv', 9)": 1.387008547782898, "('data/ablation_topic_time.csv', 10)": 1.3877851963043213, "('data/ablation_topic_exercise.csv', 0)": 1.5007226467132568, "('data/ablation_topic_exercise.csv', 1)": 1.5004792213439941, "('data/ablation_topic_exercise.csv', 2)": 1.458330512046814, "('data/ablation_topic_exercise.csv', 3)": 1.5476516485214233, "('data/ablation_topic_exercise.csv', 4)": 1.5001499652862549, "('data/ablation_topic_exercise.csv', 5)": 1.5074818134307861, "('data/ablation_topic_exercise.csv', 6)": 1.3903218507766724, "('data/ablation_topic_exercise.csv', 7)": 1.4443665742874146, "('data/ablation_topic_exercise.csv', 8)": 1.4525684118270874, "('data/ablation_topic_exercise.csv', 9)": 1.4707549810409546, "('data/ablation_topic_exercise.csv', 10)": 1.4087457656860352, "('data/ablation_topic_froth.csv', 0)": 1.8179011344909668, "('data/ablation_topic_froth.csv', 1)": 1.8633061647415161, "('data/ablation_topic_froth.csv', 2)": 1.7820556163787842, "('data/ablation_topic_froth.csv', 3)": 1.816213846206665, "('data/ablation_topic_froth.csv', 4)": 1.8096520900726318, "('data/ablation_topic_froth.csv', 5)": 1.7587016820907593, "('data/ablation_topic_froth.csv', 6)": 1.7768405675888062, "('data/ablation_topic_froth.csv', 7)": 1.816164255142212, "('data/ablation_topic_froth.csv', 8)": 1.764490008354187, "('data/ablation_topic_froth.csv', 9)": 1.6832380294799805, "('data/ablation_topic_froth.csv', 10)": 1.6872444152832031}