{"('data/ablation_tempTopP_froth.csv', 0)": -104.55953979492188, "('data/ablation_tempTopP_froth.csv', 1)": -105.44654083251953, "('data/ablation_tempTopP_froth.csv', 2)": -104.27789306640625, "('data/ablation_tempTopP_froth.csv', 3)": -105.71699523925781, "('data/ablation_tempTopP_froth.csv', 4)": -100.46651458740234, "('data/ablation_tempTopP_froth.csv', 5)": -90.89505767822266, "('data/ablation_tempTopP_froth.csv', 6)": -102.81131744384766, "('data/ablation_tempTopP_froth.csv', 7)": -104.76850128173828, "('data/ablation_tempTopP_froth.csv', 8)": -84.16190338134766, "('data/ablation_tempTopP_froth.csv', 9)": -84.36222076416016, "('data/ablation_tempTopP_towels.csv', 0)": -134.2039794921875, "('data/ablation_tempTopP_towels.csv', 1)": -128.33592224121094, "('data/ablation_tempTopP_towels.csv', 2)": -152.64208984375, "('data/ablation_tempTopP_towels.csv', 3)": -134.4427947998047, "('data/ablation_tempTopP_towels.csv', 4)": -127.96192932128906, "('data/ablation_tempTopP_towels.csv', 5)": -108.54644775390625, "('data/ablation_tempTopP_towels.csv', 6)": -132.30172729492188, "('data/ablation_tempTopP_towels.csv', 7)": -120.46263122558594, "('data/ablation_tempTopP_towels.csv', 8)": -88.6076431274414, "('data/ablation_tempTopP_towels.csv', 9)": -90.55303192138672, "('data/ablation_tempTopP_time.csv', 0)": -88.37747955322266, "('data/ablation_tempTopP_time.csv', 1)": -88.37445831298828, "('data/ablation_tempTopP_time.csv', 2)": -98.42876434326172, "('data/ablation_tempTopP_time.csv', 3)": -90.05630493164062, "('data/ablation_tempTopP_time.csv', 4)": -97.10578918457031, "('data/ablation_tempTopP_time.csv', 5)": -83.3282470703125, "('data/ablation_tempTopP_time.csv', 6)": -106.28671264648438, "('data/ablation_tempTopP_time.csv', 7)": -99.25807189941406, "('data/ablation_tempTopP_time.csv', 8)": -69.35042572021484, "('data/ablation_tempTopP_time.csv', 9)": -69.3892593383789, "('data/ablation_tempTopP_powder.csv', 0)": -105.96297454833984, "('data/ablation_tempTopP_powder.csv', 1)": -97.00231170654297, "('data/ablation_tempTopP_powder.csv', 2)": -109.52135467529297, "('data/ablation_tempTopP_powder.csv', 3)": -95.08860778808594, "('data/ablation_tempTopP_powder.csv', 4)": -100.951416015625, "('data/ablation_tempTopP_powder.csv', 5)": -82.18736267089844, "('data/ablation_tempTopP_powder.csv', 6)": -93.16752624511719, "('data/ablation_tempTopP_powder.csv', 7)": -116.98648071289062, "('data/ablation_tempTopP_powder.csv', 8)": -78.26850891113281, "('data/ablation_tempTopP_powder.csv', 9)": -77.90645599365234, "('data/ablation_tempTopP_exercise.csv', 0)": -89.80538177490234, "('data/ablation_tempTopP_exercise.csv', 1)": -91.29783630371094, "('data/ablation_tempTopP_exercise.csv', 2)": -87.39936828613281, "('data/ablation_tempTopP_exercise.csv', 3)": -82.80847930908203, "('data/ablation_tempTopP_exercise.csv', 4)": -81.2691650390625, "('data/ablation_tempTopP_exercise.csv', 5)": -75.62736511230469, "('data/ablation_tempTopP_exercise.csv', 6)": -87.64909362792969, "('data/ablation_tempTopP_exercise.csv', 7)": -81.45223236083984, "('data/ablation_tempTopP_exercise.csv', 8)": -75.139404296875, "('data/ablation_tempTopP_exercise.csv', 9)": -71.16879272460938}