{"('data/ablation_topic_towels.csv', 0)": 0.7621312737464905, "('data/ablation_topic_towels.csv', 1)": 0.8519343733787537, "('data/ablation_topic_towels.csv', 2)": 0.8240606784820557, "('data/ablation_topic_towels.csv', 3)": 0.7544373869895935, "('data/ablation_topic_towels.csv', 4)": 0.9023375511169434, "('data/ablation_topic_towels.csv', 5)": 0.7730579376220703, "('data/ablation_topic_towels.csv', 6)": 0.9213647246360779, "('data/ablation_topic_towels.csv', 7)": 0.7791894674301147, "('data/ablation_topic_towels.csv', 8)": 0.9144355058670044, "('data/ablation_topic_towels.csv', 9)": 1.0240167379379272, "('data/ablation_topic_towels.csv', 10)": 1.014256477355957, "('data/ablation_topic_powder.csv', 0)": 0.9946683645248413, "('data/ablation_topic_powder.csv', 1)": 0.9470081329345703, "('data/ablation_topic_powder.csv', 2)": 0.9607675075531006, "('data/ablation_topic_powder.csv', 3)": 0.9561560153961182, "('data/ablation_topic_powder.csv', 4)": 0.9891875386238098, "('data/ablation_topic_powder.csv', 5)": 0.9908791184425354, "('data/ablation_topic_powder.csv', 6)": 1.072582483291626, "('data/ablation_topic_powder.csv', 7)": 0.9424099922180176, "('data/ablation_topic_powder.csv', 8)": 1.0295686721801758, "('data/ablation_topic_powder.csv', 9)": 1.070702314376831, "('data/ablation_topic_powder.csv', 10)": 1.067115306854248, "('data/ablation_topic_time.csv', 0)": 0.9643387794494629, "('data/ablation_topic_time.csv', 1)": 1.046125888824463, "('data/ablation_topic_time.csv', 2)": 1.0227197408676147, "('data/ablation_topic_time.csv', 3)": 1.0191718339920044, "('data/ablation_topic_time.csv', 4)": 0.9709551930427551, "('data/ablation_topic_time.csv', 5)": 0.9954293966293335, "('data/ablation_topic_time.csv', 6)": 1.0049341917037964, "('data/ablation_topic_time.csv', 7)": 0.9534997344017029, "('data/ablation_topic_time.csv', 8)": 0.9431013464927673, "('data/ablation_topic_time.csv', 9)": 1.1621770858764648, "('data/ablation_topic_time.csv', 10)": 1.15091872215271, "('data/ablation_topic_exercise.csv', 0)": 1.0877643823623657, "('data/ablation_topic_exercise.csv', 1)": 1.0849381685256958, "('data/ablation_topic_exercise.csv', 2)": 1.1048502922058105, "('data/ablation_topic_exercise.csv', 3)": 1.071007251739502, "('data/ablation_topic_exercise.csv', 4)": 1.0894496440887451, "('data/ablation_topic_exercise.csv', 5)": 1.0725597143173218, "('data/ablation_topic_exercise.csv', 6)": 1.1225156784057617, "('data/ablation_topic_exercise.csv', 7)": 1.115164041519165, "('data/ablation_topic_exercise.csv', 8)": 1.0859203338623047, "('data/ablation_topic_exercise.csv', 9)": 1.113919973373413, "('data/ablation_topic_exercise.csv', 10)": 1.1356730461120605, "('data/ablation_topic_froth.csv', 0)": 0.908415675163269, "('data/ablation_topic_froth.csv', 1)": 0.8963119983673096, "('data/ablation_topic_froth.csv', 2)": 0.9117173552513123, "('data/ablation_topic_froth.csv', 3)": 0.9210577607154846, "('data/ablation_topic_froth.csv', 4)": 0.9067538380622864, "('data/ablation_topic_froth.csv', 5)": 0.9270042181015015, "('data/ablation_topic_froth.csv', 6)": 0.9425588250160217, "('data/ablation_topic_froth.csv', 7)": 0.9198283553123474, "('data/ablation_topic_froth.csv', 8)": 0.9385168552398682, "('data/ablation_topic_froth.csv', 9)": 1.0068752765655518, "('data/ablation_topic_froth.csv', 10)": 1.0314644575119019}