{"('data/ablation_tempTopP_froth.csv', 0)": 0.8413819670677185, "('data/ablation_tempTopP_froth.csv', 1)": 0.8330830931663513, "('data/ablation_tempTopP_froth.csv', 2)": 0.8338960409164429, "('data/ablation_tempTopP_froth.csv', 3)": 0.8110629320144653, "('data/ablation_tempTopP_froth.csv', 4)": 0.8220745325088501, "('data/ablation_tempTopP_froth.csv', 5)": 0.908415675163269, "('data/ablation_tempTopP_froth.csv', 6)": 0.8784754872322083, "('data/ablation_tempTopP_froth.csv', 7)": 0.8109634518623352, "('data/ablation_tempTopP_froth.csv', 8)": 1.0068752765655518, "('data/ablation_tempTopP_froth.csv', 9)": 1.0314644575119019, "('data/ablation_tempTopP_towels.csv', 0)": 0.620128870010376, "('data/ablation_tempTopP_towels.csv', 1)": 0.6163923144340515, "('data/ablation_tempTopP_towels.csv', 2)": 0.5225454568862915, "('data/ablation_tempTopP_towels.csv', 3)": 0.6415952444076538, "('data/ablation_tempTopP_towels.csv', 4)": 0.6673213243484497, "('data/ablation_tempTopP_towels.csv', 5)": 0.7621312737464905, "('data/ablation_tempTopP_towels.csv', 6)": 0.6510410904884338, "('data/ablation_tempTopP_towels.csv', 7)": 0.6892296075820923, "('data/ablation_tempTopP_towels.csv', 8)": 1.0249452590942383, "('data/ablation_tempTopP_towels.csv', 9)": 0.9976809620857239, "('data/ablation_tempTopP_time.csv', 0)": 0.9880623817443848, "('data/ablation_tempTopP_time.csv', 1)": 0.9894371628761292, "('data/ablation_tempTopP_time.csv', 2)": 0.9248246550559998, "('data/ablation_tempTopP_time.csv', 3)": 0.9420887231826782, "('data/ablation_tempTopP_time.csv', 4)": 0.883658766746521, "('data/ablation_tempTopP_time.csv', 5)": 0.9643387794494629, "('data/ablation_tempTopP_time.csv', 6)": 0.8020902276039124, "('data/ablation_tempTopP_time.csv', 7)": 0.895366370677948, "('data/ablation_tempTopP_time.csv', 8)": 1.1621770858764648, "('data/ablation_tempTopP_time.csv', 9)": 1.15091872215271, "('data/ablation_tempTopP_powder.csv', 0)": 0.7929854393005371, "('data/ablation_tempTopP_powder.csv', 1)": 0.8714560866355896, "('data/ablation_tempTopP_powder.csv', 2)": 0.777677595615387, "('data/ablation_tempTopP_powder.csv', 3)": 0.8890109062194824, "('data/ablation_tempTopP_powder.csv', 4)": 0.8597447276115417, "('data/ablation_tempTopP_powder.csv', 5)": 0.9946683645248413, "('data/ablation_tempTopP_powder.csv', 6)": 0.8941130042076111, "('data/ablation_tempTopP_powder.csv', 7)": 0.7089845538139343, "('data/ablation_tempTopP_powder.csv', 8)": 1.070702314376831, "('data/ablation_tempTopP_powder.csv', 9)": 1.067115306854248, "('data/ablation_tempTopP_exercise.csv', 0)": 1.0467524528503418, "('data/ablation_tempTopP_exercise.csv', 1)": 1.0525282621383667, "('data/ablation_tempTopP_exercise.csv', 2)": 1.0652278661727905, "('data/ablation_tempTopP_exercise.csv', 3)": 1.1014211177825928, "('data/ablation_tempTopP_exercise.csv', 4)": 1.0892524719238281, "('data/ablation_tempTopP_exercise.csv', 5)": 1.1042317152023315, "('data/ablation_tempTopP_exercise.csv', 6)": 1.0669580698013306, "('data/ablation_tempTopP_exercise.csv', 7)": 1.0876917839050293, "('data/ablation_tempTopP_exercise.csv', 8)": 1.119857668876648, "('data/ablation_tempTopP_exercise.csv', 9)": 1.1469532251358032}